{"542390d04e135":{"name":"Sample Galleria - Library Source [Theme: Style 2]","settings":{"source":"Library","width":"100","width_end":"%","height":"350","style":"gallery"},"post":{"post_category":null,"order_by":"date","limit":"10","first_img":"true"},"images":{"1":{"url":"\/wp-content\/uploads\/2014\/09\/koenigsegg_agera_r_white_super_cars_desktop.jpg","title":"Sample Title","caption":"Lorem ipsum dolor sit amet, consectetur adipisicing elit, sed do eiusmod tempor incididunt ut labore et dolore magna aliqua. Ut enim ad minim veniam, quis nostrud exercitation ullamco laboris nisi ut aliquip ex ea commodo consequat. Duis aute irure dolor in reprehenderit in voluptate velit esse cillum dolore eu fugiat nulla pariatur. Excepteur sint occaecat cupidatat non proident, sunt in culpa qui officia deserunt mollit anim id est laborum.","url_2":""},"2":{"url":"\/wp-content\/uploads\/2014\/09\/yachts.jpg","title":"Sample Title","caption":"Lorem ipsum dolor sit amet, consectetur adipisicing elit, sed do eiusmod tempor incididunt ut labore et dolore magna aliqua. Ut enim ad minim veniam, quis nostrud exercitation ullamco laboris nisi ut aliquip ex ea commodo consequat. Duis aute irure dolor in reprehenderit in voluptate velit esse cillum dolore eu fugiat nulla pariatur. Excepteur sint occaecat cupidatat non proident, sunt in culpa qui officia deserunt mollit anim id est laborum.","url_2":""},"3":{"url":"\/wp-content\/uploads\/2014\/09\/wonderful_food_and_drink.jpg","title":"Sample Title","caption":"Lorem ipsum dolor sit amet, consectetur adipisicing elit, sed do eiusmod tempor incididunt ut labore et dolore magna aliqua. Ut enim ad minim veniam, quis nostrud exercitation ullamco laboris nisi ut aliquip ex ea commodo consequat. Duis aute irure dolor in reprehenderit in voluptate velit esse cillum dolore eu fugiat nulla pariatur. Excepteur sint occaecat cupidatat non proident, sunt in culpa qui officia deserunt mollit anim id est laborum.","url_2":""},"4":{"url":"\/wp-content\/uploads\/2014\/09\/wallpaper-10_1.jpg","title":"Sample Title","caption":"Lorem ipsum dolor sit amet, consectetur adipisicing elit, sed do eiusmod tempor incididunt ut labore et dolore magna aliqua. Ut enim ad minim veniam, quis nostrud exercitation ullamco laboris nisi ut aliquip ex ea commodo consequat. Duis aute irure dolor in reprehenderit in voluptate velit esse cillum dolore eu fugiat nulla pariatur. Excepteur sint occaecat cupidatat non proident, sunt in culpa qui officia deserunt mollit anim id est laborum.","url_2":""},"5":{"url":"\/wp-content\/uploads\/2014\/09\/stalker_pripyat_grass_art_bridge.jpg","title":"Sample Title","caption":"Lorem ipsum dolor sit amet, consectetur adipisicing elit, sed do eiusmod tempor incididunt ut labore et dolore magna aliqua. Ut enim ad minim veniam, quis nostrud exercitation ullamco laboris nisi ut aliquip ex ea commodo consequat. Duis aute irure dolor in reprehenderit in voluptate velit esse cillum dolore eu fugiat nulla pariatur. Excepteur sint occaecat cupidatat non proident, sunt in culpa qui officia deserunt mollit anim id est laborum.","url_2":""},"6":{"url":"\/wp-content\/uploads\/2014\/09\/light_minimalistic.jpg","title":"Sample Title","caption":"Lorem ipsum dolor sit amet, consectetur adipisicing elit, sed do eiusmod tempor incididunt ut labore et dolore magna aliqua. Ut enim ad minim veniam, quis nostrud exercitation ullamco laboris nisi ut aliquip ex ea commodo consequat. Duis aute irure dolor in reprehenderit in voluptate velit esse cillum dolore eu fugiat nulla pariatur. Excepteur sint occaecat cupidatat non proident, sunt in culpa qui officia deserunt mollit anim id est laborum.","url_2":""},"7":{"url":"\/wp-content\/uploads\/2014\/09\/letter_love.jpg","title":"Sample Title","caption":"Lorem ipsum dolor sit amet, consectetur adipisicing elit, sed do eiusmod tempor incididunt ut labore et dolore magna aliqua. Ut enim ad minim veniam, quis nostrud exercitation ullamco laboris nisi ut aliquip ex ea commodo consequat. Duis aute irure dolor in reprehenderit in voluptate velit esse cillum dolore eu fugiat nulla pariatur. Excepteur sint occaecat cupidatat non proident, sunt in culpa qui officia deserunt mollit anim id est laborum.","url_2":""},"8":{"url":"\/wp-content\/uploads\/2014\/09\/house_of_stone.jpg","title":"Sample Title","caption":"Lorem ipsum dolor sit amet, consectetur adipisicing elit, sed do eiusmod tempor incididunt ut labore et dolore magna aliqua. Ut enim ad minim veniam, quis nostrud exercitation ullamco laboris nisi ut aliquip ex ea commodo consequat. Duis aute irure dolor in reprehenderit in voluptate velit esse cillum dolore eu fugiat nulla pariatur. Excepteur sint occaecat cupidatat non proident, sunt in culpa qui officia deserunt mollit anim id est laborum.","url_2":""},"9":{"url":"\/wp-content\/uploads\/2014\/09\/HD-Wallpapers.jpeg","title":"Sample Title","caption":"Lorem ipsum dolor sit amet, consectetur adipisicing elit, sed do eiusmod tempor incididunt ut labore et dolore magna aliqua. Ut enim ad minim veniam, quis nostrud exercitation ullamco laboris nisi ut aliquip ex ea commodo consequat. Duis aute irure dolor in reprehenderit in voluptate velit esse cillum dolore eu fugiat nulla pariatur. Excepteur sint occaecat cupidatat non proident, sunt in culpa qui officia deserunt mollit anim id est laborum.","url_2":""},"10":{"url":"\/wp-content\/uploads\/2014\/10\/downhill_sports_hd.jpg","title":"Sample Title","caption":"Lorem ipsum dolor sit amet, consectetur adipisicing elit, sed do eiusmod tempor incididunt ut labore et dolore magna aliqua. Ut enim ad minim veniam, quis nostrud exercitation ullamco laboris nisi ut aliquip ex ea commodo consequat. Duis aute irure dolor in reprehenderit in voluptate velit esse cillum dolore eu fugiat nulla pariatur. Excepteur sint occaecat cupidatat non proident, sunt in culpa qui officia deserunt mollit anim id est laborum.","url_2":""}},"gallery":{"show_control":"true","click_to_next":"false","show_counter":"true","show_prev_next":"true","image_crop":"true","imagePan":"true","showThumb":"true","thumb_crop":"true","transition":"fadeslide","transition_speed":"500","lightbox":"true","image_delay":"3000","show_title_image":"true","show_caption_image":"true","theme":"v2"},"skitter":{"auto_play":"true","stop_over":"false","interval":"3500","show_randomly":"false","controls":"true","controls_position":"center","progressbar":"true","label":"false","labelAnimation":"slideUp","navigation":"dots","navigation_position":"center","preview":"false","next_prev":"true","enable_navigation_keys":"true","hideTools":"true","focus":"false","focus_position":"center","fullscreen":"false","animation":"randomSmart","theme":"default"}},"542391a7c77af":{"name":"Sample Galleria - URL Source [Theme: Classic]","settings":{"source":"Library","width":"100","width_end":"%","height":"350","style":"gallery"},"post":{"post_category":null,"order_by":"date","limit":"10","first_img":"true"},"images":{"1":{"url":"\/wp-content\/uploads\/2014\/09\/abstract_music_les_paul_guitars_gibson_sg_monochrome.jpg","title":"Title Sample","caption":"Lorem ipsum dolor sit amet, consectetur adipisicing elit, sed do eiusmod tempor incididunt ut labore et dolore magna aliqua. Ut enim ad minim veniam, quis nostrud exercitation ullamco laboris nisi ut aliquip ex ea commodo consequat.","url_2":"http:\/\/beautiful-templates.com\/demo\/images\/3.jpg"},"2":{"url":"\/wp-content\/uploads\/2014\/09\/abstract_music_les_paul_guitars_gibson_sg_monochrome.jpg","title":"Title Sample","caption":"Lorem ipsum dolor sit amet, consectetur adipisicing elit, sed do eiusmod tempor incididunt ut labore et dolore magna aliqua. Ut enim ad minim veniam, quis nostrud exercitation ullamco laboris nisi ut aliquip ex ea commodo consequat.","url_2":"http:\/\/beautiful-templates.com\/demo\/images\/4.jpg"},"3":{"url":"\/wp-content\/uploads\/2014\/09\/abstract_music_les_paul_guitars_gibson_sg_monochrome.jpg","title":"Title Sample","caption":"Lorem ipsum dolor sit amet, consectetur adipisicing elit, sed do eiusmod tempor incididunt ut labore et dolore magna aliqua. Ut enim ad minim veniam, quis nostrud exercitation ullamco laboris nisi ut aliquip ex ea commodo consequat.","url_2":"http:\/\/beautiful-templates.com\/demo\/images\/8.jpg"},"4":{"url":"\/wp-content\/uploads\/2014\/09\/abstract_music_les_paul_guitars_gibson_sg_monochrome.jpg","title":"Title Sample","caption":"Lorem ipsum dolor sit amet, consectetur adipisicing elit, sed do eiusmod tempor incididunt ut labore et dolore magna aliqua. Ut enim ad minim veniam, quis nostrud exercitation ullamco laboris nisi ut aliquip ex ea commodo consequat.","url_2":"http:\/\/beautiful-templates.com\/demo\/images\/12.jpg"},"5":{"url":"\/wp-content\/uploads\/2014\/09\/abstract_music_les_paul_guitars_gibson_sg_monochrome.jpg","title":"Title Sample","caption":"Lorem ipsum dolor sit amet, consectetur adipisicing elit, sed do eiusmod tempor incididunt ut labore et dolore magna aliqua. Ut enim ad minim veniam, quis nostrud exercitation ullamco laboris nisi ut aliquip ex ea commodo consequat.","url_2":"http:\/\/beautiful-templates.com\/demo\/images\/6.jpg"},"6":{"url":"\/wp-content\/uploads\/2014\/09\/abstract_music_les_paul_guitars_gibson_sg_monochrome.jpg","title":"Title Sample","caption":"Lorem ipsum dolor sit amet, consectetur adipisicing elit, sed do eiusmod tempor incididunt ut labore et dolore magna aliqua. Ut enim ad minim veniam, quis nostrud exercitation ullamco laboris nisi ut aliquip ex ea commodo consequat.","url_2":"http:\/\/beautiful-templates.com\/demo\/images\/9.jpg"},"7":{"url":"\/wp-content\/uploads\/2014\/09\/abstract_music_les_paul_guitars_gibson_sg_monochrome.jpg","title":"Title Sample","caption":"Lorem ipsum dolor sit amet, consectetur adipisicing elit, sed do eiusmod tempor incididunt ut labore et dolore magna aliqua. Ut enim ad minim veniam, quis nostrud exercitation ullamco laboris nisi ut aliquip ex ea commodo consequat.","url_2":"http:\/\/beautiful-templates.com\/demo\/images\/5.jpg"},"8":{"url":"\/wp-content\/uploads\/2014\/09\/abstract_music_les_paul_guitars_gibson_sg_monochrome.jpg","title":"Title Sample","caption":"Lorem ipsum dolor sit amet, consectetur adipisicing elit, sed do eiusmod tempor incididunt ut labore et dolore magna aliqua. Ut enim ad minim veniam, quis nostrud exercitation ullamco laboris nisi ut aliquip ex ea commodo consequat.","url_2":"http:\/\/beautiful-templates.com\/demo\/images\/2.jpg"},"9":{"url":"\/wp-content\/uploads\/2014\/09\/abstract_music_les_paul_guitars_gibson_sg_monochrome.jpg","title":"Title Sample","caption":"Lorem ipsum dolor sit amet, consectetur adipisicing elit, sed do eiusmod tempor incididunt ut labore et dolore magna aliqua. Ut enim ad minim veniam, quis nostrud exercitation ullamco laboris nisi ut aliquip ex ea commodo consequat.","url_2":"http:\/\/beautiful-templates.com\/demo\/images\/7.jpg"},"10":{"url":"\/wp-content\/uploads\/2014\/09\/abstract_music_les_paul_guitars_gibson_sg_monochrome.jpg","title":"Title Sample","caption":"Lorem ipsum dolor sit amet, consectetur adipisicing elit, sed do eiusmod tempor incididunt ut labore et dolore magna aliqua. Ut enim ad minim veniam, quis nostrud exercitation ullamco laboris nisi ut aliquip ex ea commodo consequat.","url_2":"http:\/\/beautiful-templates.com\/demo\/images\/15.jpg"},"11":{"url":"\/wp-content\/uploads\/2014\/09\/abstract_music_les_paul_guitars_gibson_sg_monochrome.jpg","title":"Title Sample","caption":"Lorem ipsum dolor sit amet, consectetur adipisicing elit, sed do eiusmod tempor incididunt ut labore et dolore magna aliqua. Ut enim ad minim veniam, quis nostrud exercitation ullamco laboris nisi ut aliquip ex ea commodo consequat.","url_2":"http:\/\/beautiful-templates.com\/demo\/images\/1.jpg"},"12":{"url":"\/wp-content\/uploads\/2014\/09\/abstract_music_les_paul_guitars_gibson_sg_monochrome.jpg","title":"Title Sample","caption":"Lorem ipsum dolor sit amet, consectetur adipisicing elit, sed do eiusmod tempor incididunt ut labore et dolore magna aliqua. Ut enim ad minim veniam, quis nostrud exercitation ullamco laboris nisi ut aliquip ex ea commodo consequat.","url_2":"http:\/\/beautiful-templates.com\/demo\/images\/17.jpg"},"13":{"url":"\/wp-content\/uploads\/2014\/09\/abstract_music_les_paul_guitars_gibson_sg_monochrome.jpg","title":"Title Sample","caption":"Lorem ipsum dolor sit amet, consectetur adipisicing elit, sed do eiusmod tempor incididunt ut labore et dolore magna aliqua. Ut enim ad minim veniam, quis nostrud exercitation ullamco laboris nisi ut aliquip ex ea commodo consequat.","url_2":"http:\/\/beautiful-templates.com\/demo\/images\/10.jpg"},"14":{"url":"\/wp-content\/uploads\/2014\/09\/abstract_music_les_paul_guitars_gibson_sg_monochrome.jpg","title":"Title Sample","caption":"Lorem ipsum dolor sit amet, consectetur adipisicing elit, sed do eiusmod tempor incididunt ut labore et dolore magna aliqua. Ut enim ad minim veniam, quis nostrud exercitation ullamco laboris nisi ut aliquip ex ea commodo consequat.","url_2":"http:\/\/beautiful-templates.com\/demo\/images\/13.jpg"},"15":{"url":"\/wp-content\/uploads\/2014\/09\/abstract_music_les_paul_guitars_gibson_sg_monochrome.jpg","title":"Title Sample","caption":"Lorem ipsum dolor sit amet, consectetur adipisicing elit, sed do eiusmod tempor incididunt ut labore et dolore magna aliqua. Ut enim ad minim veniam, quis nostrud exercitation ullamco laboris nisi ut aliquip ex ea commodo consequat.","url_2":"http:\/\/beautiful-templates.com\/demo\/images\/11.jpg"},"16":{"url":"\/wp-content\/uploads\/2014\/09\/abstract_music_les_paul_guitars_gibson_sg_monochrome.jpg","title":"Title Sample","caption":"Lorem ipsum dolor sit amet, consectetur adipisicing elit, sed do eiusmod tempor incididunt ut labore et dolore magna aliqua. Ut enim ad minim veniam, quis nostrud exercitation ullamco laboris nisi ut aliquip ex ea commodo consequat.","url_2":"http:\/\/beautiful-templates.com\/demo\/images\/14.jpg"},"17":{"url":"\/wp-content\/uploads\/2014\/09\/abstract_music_les_paul_guitars_gibson_sg_monochrome.jpg","title":"Title Sample","caption":"Lorem ipsum dolor sit amet, consectetur adipisicing elit, sed do eiusmod tempor incididunt ut labore et dolore magna aliqua. Ut enim ad minim veniam, quis nostrud exercitation ullamco laboris nisi ut aliquip ex ea commodo consequat.","url_2":"http:\/\/beautiful-templates.com\/demo\/images\/16.jpg"},"18":{"url":"\/wp-content\/uploads\/2014\/09\/abstract_music_les_paul_guitars_gibson_sg_monochrome.jpg","title":"Title Sample","caption":"Lorem ipsum dolor sit amet, consectetur adipisicing elit, sed do eiusmod tempor incididunt ut labore et dolore magna aliqua. Ut enim ad minim veniam, quis nostrud exercitation ullamco laboris nisi ut aliquip ex ea commodo consequat.","url_2":"http:\/\/beautiful-templates.com\/demo\/images\/18.jpg"},"19":{"url":"\/wp-content\/uploads\/2014\/09\/abstract_music_les_paul_guitars_gibson_sg_monochrome.jpg","title":"Title Sample","caption":"Lorem ipsum dolor sit amet, consectetur adipisicing elit, sed do eiusmod tempor incididunt ut labore et dolore magna aliqua. Ut enim ad minim veniam, quis nostrud exercitation ullamco laboris nisi ut aliquip ex ea commodo consequat.","url_2":"http:\/\/beautiful-templates.com\/demo\/images\/19.jpg"},"20":{"url":"\/wp-content\/uploads\/2014\/09\/abstract_music_les_paul_guitars_gibson_sg_monochrome.jpg","title":"Title Sample","caption":"Lorem ipsum dolor sit amet, consectetur adipisicing elit, sed do eiusmod tempor incididunt ut labore et dolore magna aliqua. Ut enim ad minim veniam, quis nostrud exercitation ullamco laboris nisi ut aliquip ex ea commodo consequat.","url_2":"http:\/\/beautiful-templates.com\/demo\/images\/20.jpg"}},"gallery":{"show_control":"true","click_to_next":"false","show_counter":"true","show_prev_next":"true","image_crop":"true","imagePan":"true","showThumb":"true","thumb_crop":"true","transition":"fadeslide","transition_speed":"500","lightbox":"true","image_delay":"3000","show_title_image":"true","show_caption_image":"true","theme":"classic"},"skitter":{"auto_play":"true","stop_over":"true","interval":"3000","show_randomly":"false","controls":"true","controls_position":"center","progressbar":"true","label":"true","labelAnimation":"slideUp","navigation":"dots","navigation_position":"center","preview":"true","next_prev":"true","enable_navigation_keys":"true","hideTools":"true","focus":"true","focus_position":"center","fullscreen":"false","animation":"randomSmart","theme":"round"}},"542cdd1a47cb0":{"name":"Sample Skitter - Library Source [Theme: Round]","settings":{"source":"Library","width":"100","width_end":"%","height":"250","style":"skitter"},"post":{"post_category":null,"order_by":"date","limit":"10","first_img":"true"},"images":{"1":{"url":"\/wp-content\/uploads\/2014\/10\/8.jpg","title":"Sample Title","caption":"","url_2":""},"2":{"url":"\/wp-content\/uploads\/2014\/10\/5.jpg","title":"Sample Title","caption":"","url_2":""},"3":{"url":"\/wp-content\/uploads\/2014\/10\/letter_love_skitter.jpg","title":"Sample Title","caption":"","url_2":""},"4":{"url":"\/wp-content\/uploads\/2014\/10\/1.jpg","title":"Sample Title","caption":"","url_2":""},"5":{"url":"\/wp-content\/uploads\/2014\/10\/2.jpg","title":"Sample Title","caption":"","url_2":""},"6":{"url":"\/wp-content\/uploads\/2014\/10\/3.jpg","title":"Sample Title","caption":"","url_2":""},"7":{"url":"\/wp-content\/uploads\/2014\/10\/4.jpg","title":"Sample Title","caption":"","url_2":""},"8":{"url":"\/wp-content\/uploads\/2014\/10\/6.jpg","title":"Sample Title","caption":"","url_2":""},"9":{"url":"\/wp-content\/uploads\/2014\/10\/7.jpg","title":"Sample Title","caption":"","url_2":""},"10":{"url":"\/wp-content\/uploads\/2014\/10\/d.jpg","title":"Sample Title","caption":"","url_2":""}},"gallery":{"show_control":"true","click_to_next":"false","show_counter":"true","show_prev_next":"true","image_crop":"true","imagePan":"true","showThumb":"true","thumb_crop":"true","transition":"fadeslide","transition_speed":"500","lightbox":"true","image_delay":"3000","show_title_image":"true","show_caption_image":"true","theme":"classic"},"skitter":{"auto_play":"true","stop_over":"true","interval":"3500","show_randomly":"false","controls":"true","controls_position":"center","progressbar":"true","label":"true","labelAnimation":"slideUp","navigation":"dots","navigation_position":"center","preview":"true","next_prev":"true","enable_navigation_keys":"true","hideTools":"true","focus":"true","focus_position":"center","fullscreen":"false","animation":"randomSmart","theme":"round"}},"542cdd4fccbc2":{"name":"Sample Skitter - Library Source [Theme: Clean]","settings":{"source":"Library","width":"100","width_end":"%","height":"250","style":"skitter"},"post":{"post_category":null,"order_by":"date","limit":"10","first_img":"true"},"images":{"1":{"url":"\/wp-content\/uploads\/2014\/10\/5.jpg","title":"Sample Title","caption":"","url_2":""},"2":{"url":"\/wp-content\/uploads\/2014\/10\/2.jpg","title":"Sample Title","caption":"","url_2":""},"3":{"url":"\/wp-content\/uploads\/2014\/10\/letter_love_skitter.jpg","title":"Sample Title","caption":"","url_2":""},"4":{"url":"\/wp-content\/uploads\/2014\/10\/8.jpg","title":"Sample Title","caption":"","url_2":""},"5":{"url":"\/wp-content\/uploads\/2014\/10\/1.jpg","title":"Sample Title","caption":"","url_2":""},"6":{"url":"\/wp-content\/uploads\/2014\/10\/3.jpg","title":"Sample Title","caption":"","url_2":""},"7":{"url":"\/wp-content\/uploads\/2014\/10\/7.jpg","title":"Sample Title","caption":"","url_2":""},"8":{"url":"\/wp-content\/uploads\/2014\/10\/4.jpg","title":"Sample Title","caption":"","url_2":""},"9":{"url":"\/wp-content\/uploads\/2014\/10\/6.jpg","title":"Sample Title","caption":"","url_2":""},"10":{"url":"\/wp-content\/uploads\/2014\/10\/d.jpg","title":"Sample Title","caption":"","url_2":""}},"gallery":{"show_control":"true","click_to_next":"false","show_counter":"true","show_prev_next":"true","image_crop":"true","imagePan":"true","showThumb":"true","thumb_crop":"true","transition":"fadeslide","transition_speed":"500","lightbox":"true","image_delay":"3000","show_title_image":"true","show_caption_image":"true","theme":"classic"},"skitter":{"auto_play":"true","stop_over":"true","interval":"3500","show_randomly":"false","controls":"true","controls_position":"center","progressbar":"true","label":"true","labelAnimation":"slideUp","navigation":"dots","navigation_position":"center","preview":"true","next_prev":"true","enable_navigation_keys":"true","hideTools":"true","focus":"true","focus_position":"center","fullscreen":"false","animation":"randomSmart","theme":"clean"}},"542cdd74d7acc":{"name":"Sample Skitter - Library Source [Theme: Square]","settings":{"source":"Library","width":"100","width_end":"%","height":"250","style":"skitter"},"post":{"post_category":null,"order_by":"date","limit":"10","first_img":"true"},"images":{"1":{"url":"\/wp-content\/uploads\/2014\/10\/d.jpg","title":"Sample Title","caption":"","url_2":""},"2":{"url":"\/wp-content\/uploads\/2014\/10\/6.jpg","title":"Sample Title","caption":"","url_2":""},"3":{"url":"\/wp-content\/uploads\/2014\/10\/3.jpg","title":"Sample Title","caption":"","url_2":""},"4":{"url":"\/wp-content\/uploads\/2014\/10\/4.jpg","title":"Sample Title","caption":"","url_2":""},"5":{"url":"\/wp-content\/uploads\/2014\/10\/letter_love_skitter.jpg","title":"Sample Title","caption":"","url_2":""},"6":{"url":"\/wp-content\/uploads\/2014\/10\/7.jpg","title":"Sample Title","caption":"","url_2":""},"7":{"url":"\/wp-content\/uploads\/2014\/10\/8.jpg","title":"Sample Title","caption":"","url_2":""},"8":{"url":"\/wp-content\/uploads\/2014\/10\/1.jpg","title":"Sample Title","caption":"","url_2":""},"9":{"url":"\/wp-content\/uploads\/2014\/10\/2.jpg","title":"Sample Title","caption":"","url_2":""},"10":{"url":"\/wp-content\/uploads\/2014\/10\/5.jpg","title":"Sample Title","caption":"","url_2":""}},"gallery":{"show_control":"true","click_to_next":"false","show_counter":"true","show_prev_next":"true","image_crop":"true","imagePan":"true","showThumb":"true","thumb_crop":"true","transition":"fadeslide","transition_speed":"500","lightbox":"true","image_delay":"3000","show_title_image":"true","show_caption_image":"true","theme":"classic"},"skitter":{"auto_play":"true","stop_over":"true","interval":"3500","show_randomly":"false","controls":"true","controls_position":"center","progressbar":"true","label":"true","labelAnimation":"slideUp","navigation":"dots","navigation_position":"center","preview":"true","next_prev":"true","enable_navigation_keys":"true","hideTools":"true","focus":"true","focus_position":"center","fullscreen":"false","animation":"randomSmart","theme":"square"}},"54238e1e2cb82":{"name":"Sample Skitter - Library Source [Theme: Default]","settings":{"source":"Library","width":"100","width_end":"%","height":"250","style":"skitter"},"post":{"post_category":null,"order_by":"date","limit":"10","first_img":"true"},"images":{"1":{"url":"\/wp-content\/uploads\/2014\/10\/letter_love_skitter.jpg","title":"Sample Title","caption":"","url_2":""},"2":{"url":"\/wp-content\/uploads\/2014\/10\/8.jpg","title":"Sample Title","caption":"","url_2":""},"3":{"url":"\/wp-content\/uploads\/2014\/10\/1.jpg","title":"Sample Title","caption":"","url_2":""},"4":{"url":"\/wp-content\/uploads\/2014\/10\/2.jpg","title":"Sample Title","caption":"","url_2":""},"5":{"url":"\/wp-content\/uploads\/2014\/10\/3.jpg","title":"Sample Title","caption":"","url_2":""},"6":{"url":"\/wp-content\/uploads\/2014\/10\/4.jpg","title":"Sample Title","caption":"","url_2":""},"7":{"url":"\/wp-content\/uploads\/2014\/10\/5.jpg","title":"Sample Title","caption":"","url_2":""},"8":{"url":"\/wp-content\/uploads\/2014\/10\/6.jpg","title":"Sample Title","caption":"","url_2":""},"9":{"url":"\/wp-content\/uploads\/2014\/10\/7.jpg","title":"Sample Title","caption":"","url_2":""},"10":{"url":"\/wp-content\/uploads\/2014\/10\/d.jpg","title":"Sample Title","caption":"","url_2":""}},"gallery":{"show_control":"true","click_to_next":"false","show_counter":"true","show_prev_next":"true","image_crop":"true","imagePan":"true","showThumb":"true","thumb_crop":"true","transition":"fadeslide","transition_speed":"500","lightbox":"true","image_delay":"3000","show_title_image":"true","show_caption_image":"true","theme":"classic"},"skitter":{"auto_play":"true","stop_over":"true","interval":"3500","show_randomly":"false","controls":"true","controls_position":"center","progressbar":"true","label":"true","labelAnimation":"slideUp","navigation":"dots","navigation_position":"center","preview":"true","next_prev":"true","enable_navigation_keys":"true","hideTools":"true","focus":"true","focus_position":"center","fullscreen":"false","animation":"randomSmart","theme":"default"}},"541a43e9a45a6":{"name":"Sample Skitter - URL Source [Theme: Minimalist]","settings":{"source":"Library","width":"100","width_end":"%","height":"250","style":"skitter"},"post":{"post_category":null,"order_by":"date","limit":"10","first_img":"true"},"images":{"1":{"url":"\/wp-content\/uploads\/2014\/09\/abstract_music_les_paul_guitars_gibson_sg_monochrome.jpg","title":"Title Sample","caption":"Lorem ipsum dolor sit amet, consectetur adipisicing elit, sed do eiusmod tempor incididunt ut labore et dolore magna aliqua. Ut enim ad minim veniam, quis nostrud exercitation ullamco laboris nisi ut aliquip ex ea commodo consequat.","url_2":"http:\/\/beautiful-templates.com\/demo\/images\/6.jpg"},"2":{"url":"\/wp-content\/uploads\/2014\/09\/abstract_music_les_paul_guitars_gibson_sg_monochrome.jpg","title":"Title Sample","caption":"Lorem ipsum dolor sit amet, consectetur adipisicing elit, sed do eiusmod tempor incididunt ut labore et dolore magna aliqua. Ut enim ad minim veniam, quis nostrud exercitation ullamco laboris nisi ut aliquip ex ea commodo consequat.","url_2":"http:\/\/beautiful-templates.com\/demo\/images\/4.jpg"},"3":{"url":"\/wp-content\/uploads\/2014\/09\/abstract_music_les_paul_guitars_gibson_sg_monochrome.jpg","title":"Title Sample","caption":"Lorem ipsum dolor sit amet, consectetur adipisicing elit, sed do eiusmod tempor incididunt ut labore et dolore magna aliqua. Ut enim ad minim veniam, quis nostrud exercitation ullamco laboris nisi ut aliquip ex ea commodo consequat.","url_2":"http:\/\/beautiful-templates.com\/demo\/images\/8.jpg"},"4":{"url":"\/wp-content\/uploads\/2014\/09\/abstract_music_les_paul_guitars_gibson_sg_monochrome.jpg","title":"Title Sample","caption":"Lorem ipsum dolor sit amet, consectetur adipisicing elit, sed do eiusmod tempor incididunt ut labore et dolore magna aliqua. Ut enim ad minim veniam, quis nostrud exercitation ullamco laboris nisi ut aliquip ex ea commodo consequat.","url_2":"http:\/\/beautiful-templates.com\/demo\/images\/3.jpg"},"5":{"url":"\/wp-content\/uploads\/2014\/09\/abstract_music_les_paul_guitars_gibson_sg_monochrome.jpg","title":"Title Sample","caption":"Lorem ipsum dolor sit amet, consectetur adipisicing elit, sed do eiusmod tempor incididunt ut labore et dolore magna aliqua. Ut enim ad minim veniam, quis nostrud exercitation ullamco laboris nisi ut aliquip ex ea commodo consequat.","url_2":"http:\/\/beautiful-templates.com\/demo\/images\/12.jpg"},"6":{"url":"\/wp-content\/uploads\/2014\/09\/abstract_music_les_paul_guitars_gibson_sg_monochrome.jpg","title":"Title Sample","caption":"Lorem ipsum dolor sit amet, consectetur adipisicing elit, sed do eiusmod tempor incididunt ut labore et dolore magna aliqua. Ut enim ad minim veniam, quis nostrud exercitation ullamco laboris nisi ut aliquip ex ea commodo consequat.","url_2":"http:\/\/beautiful-templates.com\/demo\/images\/9.jpg"},"7":{"url":"\/wp-content\/uploads\/2014\/09\/abstract_music_les_paul_guitars_gibson_sg_monochrome.jpg","title":"Title Sample","caption":"Lorem ipsum dolor sit amet, consectetur adipisicing elit, sed do eiusmod tempor incididunt ut labore et dolore magna aliqua. Ut enim ad minim veniam, quis nostrud exercitation ullamco laboris nisi ut aliquip ex ea commodo consequat.","url_2":"http:\/\/beautiful-templates.com\/demo\/images\/5.jpg"},"8":{"url":"\/wp-content\/uploads\/2014\/09\/abstract_music_les_paul_guitars_gibson_sg_monochrome.jpg","title":"Title Sample","caption":"Lorem ipsum dolor sit amet, consectetur adipisicing elit, sed do eiusmod tempor incididunt ut labore et dolore magna aliqua. Ut enim ad minim veniam, quis nostrud exercitation ullamco laboris nisi ut aliquip ex ea commodo consequat.","url_2":"http:\/\/beautiful-templates.com\/demo\/images\/2.jpg"},"9":{"url":"\/wp-content\/uploads\/2014\/09\/abstract_music_les_paul_guitars_gibson_sg_monochrome.jpg","title":"Title Sample","caption":"Lorem ipsum dolor sit amet, consectetur adipisicing elit, sed do eiusmod tempor incididunt ut labore et dolore magna aliqua. Ut enim ad minim veniam, quis nostrud exercitation ullamco laboris nisi ut aliquip ex ea commodo consequat.","url_2":"http:\/\/beautiful-templates.com\/demo\/images\/7.jpg"},"10":{"url":"\/wp-content\/uploads\/2014\/09\/abstract_music_les_paul_guitars_gibson_sg_monochrome.jpg","title":"Title Sample","caption":"Lorem ipsum dolor sit amet, consectetur adipisicing elit, sed do eiusmod tempor incididunt ut labore et dolore magna aliqua. Ut enim ad minim veniam, quis nostrud exercitation ullamco laboris nisi ut aliquip ex ea commodo consequat.","url_2":"http:\/\/beautiful-templates.com\/demo\/images\/15.jpg"},"11":{"url":"\/wp-content\/uploads\/2014\/09\/abstract_music_les_paul_guitars_gibson_sg_monochrome.jpg","title":"Title Sample","caption":"Lorem ipsum dolor sit amet, consectetur adipisicing elit, sed do eiusmod tempor incididunt ut labore et dolore magna aliqua. Ut enim ad minim veniam, quis nostrud exercitation ullamco laboris nisi ut aliquip ex ea commodo consequat.","url_2":"http:\/\/beautiful-templates.com\/demo\/images\/1.jpg"},"12":{"url":"\/wp-content\/uploads\/2014\/09\/abstract_music_les_paul_guitars_gibson_sg_monochrome.jpg","title":"Title Sample","caption":"Lorem ipsum dolor sit amet, consectetur adipisicing elit, sed do eiusmod tempor incididunt ut labore et dolore magna aliqua. Ut enim ad minim veniam, quis nostrud exercitation ullamco laboris nisi ut aliquip ex ea commodo consequat.","url_2":"http:\/\/beautiful-templates.com\/demo\/images\/17.jpg"},"13":{"url":"\/wp-content\/uploads\/2014\/09\/abstract_music_les_paul_guitars_gibson_sg_monochrome.jpg","title":"Title Sample","caption":"Lorem ipsum dolor sit amet, consectetur adipisicing elit, sed do eiusmod tempor incididunt ut labore et dolore magna aliqua. Ut enim ad minim veniam, quis nostrud exercitation ullamco laboris nisi ut aliquip ex ea commodo consequat.","url_2":"http:\/\/beautiful-templates.com\/demo\/images\/10.jpg"},"14":{"url":"\/wp-content\/uploads\/2014\/09\/abstract_music_les_paul_guitars_gibson_sg_monochrome.jpg","title":"Title Sample","caption":"Lorem ipsum dolor sit amet, consectetur adipisicing elit, sed do eiusmod tempor incididunt ut labore et dolore magna aliqua. Ut enim ad minim veniam, quis nostrud exercitation ullamco laboris nisi ut aliquip ex ea commodo consequat.","url_2":"http:\/\/beautiful-templates.com\/demo\/images\/13.jpg"},"15":{"url":"\/wp-content\/uploads\/2014\/09\/abstract_music_les_paul_guitars_gibson_sg_monochrome.jpg","title":"Title Sample","caption":"Lorem ipsum dolor sit amet, consectetur adipisicing elit, sed do eiusmod tempor incididunt ut labore et dolore magna aliqua. Ut enim ad minim veniam, quis nostrud exercitation ullamco laboris nisi ut aliquip ex ea commodo consequat.","url_2":"http:\/\/beautiful-templates.com\/demo\/images\/11.jpg"},"16":{"url":"\/wp-content\/uploads\/2014\/09\/abstract_music_les_paul_guitars_gibson_sg_monochrome.jpg","title":"Title Sample","caption":"Lorem ipsum dolor sit amet, consectetur adipisicing elit, sed do eiusmod tempor incididunt ut labore et dolore magna aliqua. Ut enim ad minim veniam, quis nostrud exercitation ullamco laboris nisi ut aliquip ex ea commodo consequat.","url_2":"http:\/\/beautiful-templates.com\/demo\/images\/14.jpg"},"17":{"url":"\/wp-content\/uploads\/2014\/09\/abstract_music_les_paul_guitars_gibson_sg_monochrome.jpg","title":"Title Sample","caption":"Lorem ipsum dolor sit amet, consectetur adipisicing elit, sed do eiusmod tempor incididunt ut labore et dolore magna aliqua. Ut enim ad minim veniam, quis nostrud exercitation ullamco laboris nisi ut aliquip ex ea commodo consequat.","url_2":"http:\/\/beautiful-templates.com\/demo\/images\/16.jpg"},"18":{"url":"\/wp-content\/uploads\/2014\/09\/abstract_music_les_paul_guitars_gibson_sg_monochrome.jpg","title":"Title Sample","caption":"Lorem ipsum dolor sit amet, consectetur adipisicing elit, sed do eiusmod tempor incididunt ut labore et dolore magna aliqua. Ut enim ad minim veniam, quis nostrud exercitation ullamco laboris nisi ut aliquip ex ea commodo consequat.","url_2":"http:\/\/beautiful-templates.com\/demo\/images\/18.jpg"},"19":{"url":"\/wp-content\/uploads\/2014\/09\/abstract_music_les_paul_guitars_gibson_sg_monochrome.jpg","title":"Title Sample","caption":"Lorem ipsum dolor sit amet, consectetur adipisicing elit, sed do eiusmod tempor incididunt ut labore et dolore magna aliqua. Ut enim ad minim veniam, quis nostrud exercitation ullamco laboris nisi ut aliquip ex ea commodo consequat.","url_2":"http:\/\/beautiful-templates.com\/demo\/images\/19.jpg"},"20":{"url":"\/wp-content\/uploads\/2014\/09\/abstract_music_les_paul_guitars_gibson_sg_monochrome.jpg","title":"Title Sample","caption":"Lorem ipsum dolor sit amet, consectetur adipisicing elit, sed do eiusmod tempor incididunt ut labore et dolore magna aliqua. Ut enim ad minim veniam, quis nostrud exercitation ullamco laboris nisi ut aliquip ex ea commodo consequat.","url_2":"http:\/\/beautiful-templates.com\/demo\/images\/20.jpg"}},"gallery":{"show_control":"false","click_to_next":"false","show_counter":"false","show_prev_next":"false","image_crop":"false","imagePan":"false","showThumb":"false","thumb_crop":"false","transition":"fadeslide","transition_speed":"0","lightbox":"false","image_delay":"0","show_title_image":"false","show_caption_image":"false","theme":"classic"},"skitter":{"auto_play":"true","stop_over":"true","interval":"3000","show_randomly":"false","controls":"true","controls_position":"leftTop","progressbar":"true","label":"true","labelAnimation":"left","navigation":"dots","navigation_position":"left","preview":"true","next_prev":"true","enable_navigation_keys":"true","hideTools":"true","focus":"true","focus_position":"rightTop","fullscreen":"false","animation":"randomSmart","theme":"minimalist"}}}